country_code,country,year,estimate,lower,upper
IDN,Indonesia,2010,0.496361434459686,0.486591219902039,0.505800843238831
IDN,Indonesia,2017,0.535,0.521,0.548
IDN,Indonesia,2018,0.53795725107193,0.526594579219818,0.549029231071472
IDN,Indonesia,2020,0.540038466453552,0.530018210411072,0.549938440322876
MYS,Malaysia,2010,0.584345042705536,0.577174425125122,0.591499209403992
MYS,Malaysia,2017,0.622,0.611,0.633
MYS,Malaysia,2018,0.632578670978546,0.62005889415741,0.644679546356201
MYS,Malaysia,2020,0.610976159572601,0.60101729631424,0.62073016166687
PHL,Philippines,2017,0.548,0.53,0.564
PHL,Philippines,2018,0.549015581607819,0.534780919551849,0.562290370464325
PHL,Philippines,2020,0.51596212387085,0.500622451305389,0.530668556690216
THA,Thailand,2010,0.584985315799713,0.575795888900757,0.59414279460907
THA,Thailand,2017,0.604,0.589,0.617
THA,Thailand,2018,0.616861402988434,0.603912889957428,0.628838121891022
THA,Thailand,2020,0.609310984611511,0.597819745540619,0.620437383651733
VNM,Viet Nam,2010,0.656642436981201,0.640995740890503,0.671953797340393
VNM,Viet Nam,2017,0.666,0.646,0.684
VNM,Viet Nam,2018,0.687239348888397,0.669004619121552,0.705158889293671
VNM,Viet Nam,2020,0.689964532852173,0.671133279800415,0.708236813545227
