year,sector,share
2000,Agriculture,45.3480777562457
2000,Industry,16.2989241868533
2000,Services,38.352998056901
2005,Agriculture,44.1138547379172
2005,Industry,17.5213112015065
2005,Services,38.3648350904152
2010,Agriculture,38.7302728008608
2010,Industry,18.2976528811745
2010,Services,42.9720752142772
2015,Agriculture,32.7770295687741
2015,Industry,22.1218830739339
2015,Services,45.1010964067699
2020,Agriculture,29.3087481652973
2020,Industry,21.6344047291476
2020,Services,49.0568463452771
2024,Agriculture,27.9600749776458
2024,Industry,22.2861723546005
2024,Services,49.7537526677536
